code,system
14A5.00,readv2
G33..00,readv2
G331.11,readv2
G33z.00,readv2
G33zz00,readv2
14AJ.00,readv2
8B27.00,readv2
G311.11,readv2
G311.14,readv2
G311000,readv2
G311200,readv2
G311300,readv2
G330000,readv2
G331.00,readv2
G33z200,readv2
G33z300,readv2
G33z400,readv2
G33z500,readv2
G33z600,readv2
662K.00,readv2
662K000,readv2
662K100,readv2
662K200,readv2
662Kz00,readv2
662K300,readv2
G311400,readv2
G311.13,readv2
G311100,readv2
G33z700,readv2
G311500,readv2
G31y000,readv2
G330.00,readv2
G330z00,readv2